-- phpMyAdmin SQL Dump
-- version 5.0.2
-- https://www.phpmyadmin.net/
--
-- Hôte : localhost
-- Généré le : sam. 21 nov. 2020 à 11:58
-- Version du serveur :  5.7.24
-- Version de PHP : 7.2.19

SET SQL_MODE = "NO_AUTO_VALUE_ON_ZERO";
START TRANSACTION;
SET time_zone = "+00:00";


/*!40101 SET @OLD_CHARACTER_SET_CLIENT=@@CHARACTER_SET_CLIENT */;
/*!40101 SET @OLD_CHARACTER_SET_RESULTS=@@CHARACTER_SET_RESULTS */;
/*!40101 SET @OLD_COLLATION_CONNECTION=@@COLLATION_CONNECTION */;
/*!40101 SET NAMES utf8mb4 */;

--
-- Base de données : `aitd`
--

-- --------------------------------------------------------

--
-- Structure de la table `enemies`
--

CREATE TABLE `enemies` (
  `id` int(11) NOT NULL,
  `user` varchar(64) NOT NULL,
  `enemy_nb` int(11) NOT NULL,
  `health_pt` int(11) NOT NULL,
  `attack_pt` int(11) NOT NULL,
  `path_pos` int(11) NOT NULL,
  `x` int(11) NOT NULL,
  `y` int(11) NOT NULL
) ENGINE=InnoDB DEFAULT CHARSET=utf8;

--
-- Déchargement des données de la table `enemies`
--

INSERT INTO `enemies` (`id`, `user`, `enemy_nb`, `health_pt`, `attack_pt`, `path_pos`, `x`, `y`) VALUES
(638, 'rootff', 1, 6, 1, 7, 7, 8),
(639, 'rootff', 2, 11, 1, 6, 8, 8),
(640, 'rootff', 3, 10, 1, 4, 9, 7),
(648, 'userpass', 1, 7, 1, 19, 4, 7),
(649, 'userpass', 2, 7, 1, 15, 1, 8),
(650, 'userpass', 3, 6, 1, 13, 1, 10),
(651, 'userpass', 4, 4, 1, 10, 4, 10),
(652, 'userpass', 5, 11, 1, 5, 8, 9),
(653, 'userpass', 6, 11, 1, 4, 8, 8),
(654, 'nicolas', 1, 9, 1, 4, 15, 11),
(655, 'nicolas', 2, 12, 1, 2, 15, 13),
(656, 'qqqqqqqqq', 1, 10, 1, 2, 10, 13);

-- --------------------------------------------------------

--
-- Structure de la table `map_coord`
--

CREATE TABLE `map_coord` (
  `id` int(11) NOT NULL,
  `user` varchar(64) NOT NULL,
  `x` int(11) NOT NULL,
  `y` int(11) NOT NULL,
  `type` varchar(32) NOT NULL
) ENGINE=InnoDB DEFAULT CHARSET=utf8;

--
-- Déchargement des données de la table `map_coord`
--

INSERT INTO `map_coord` (`id`, `user`, `x`, `y`, `type`) VALUES
(12912, 'albert', 1, 1, 'home'),
(12913, 'albert', 1, 2, 'path'),
(12914, 'albert', 1, 3, 'grass'),
(12915, 'albert', 1, 4, 'path'),
(12916, 'albert', 1, 5, 'path'),
(12917, 'albert', 1, 6, 'path'),
(12918, 'albert', 1, 7, 'path'),
(12919, 'albert', 1, 8, 'path'),
(12920, 'albert', 1, 9, 'grass'),
(12921, 'albert', 1, 10, 'water'),
(12922, 'albert', 1, 11, 'water'),
(12923, 'albert', 1, 12, 'water'),
(12924, 'albert', 1, 13, 'grass'),
(12925, 'albert', 1, 14, 'grass'),
(12926, 'albert', 2, 1, 'grass'),
(12927, 'albert', 2, 2, 'path'),
(12928, 'albert', 2, 3, 'grass'),
(12929, 'albert', 2, 4, 'path'),
(12930, 'albert', 2, 5, 'grass'),
(12931, 'albert', 2, 6, 'grass'),
(12932, 'albert', 2, 7, 'grass'),
(12933, 'albert', 2, 8, 'path'),
(12934, 'albert', 2, 9, 'path'),
(12935, 'albert', 2, 10, 'path'),
(12936, 'albert', 2, 11, 'path'),
(12937, 'albert', 2, 12, 'path'),
(12938, 'albert', 2, 13, 'grass'),
(12939, 'albert', 2, 14, 'grass'),
(12940, 'albert', 3, 1, 'grass'),
(12941, 'albert', 3, 2, 'path'),
(12942, 'albert', 3, 3, 'grass'),
(12943, 'albert', 3, 4, 'path'),
(12944, 'albert', 3, 5, 'path'),
(12945, 'albert', 3, 6, 'grass'),
(12946, 'albert', 3, 7, 'grass'),
(12947, 'albert', 3, 8, 'grass'),
(12948, 'albert', 3, 9, 'grass'),
(12949, 'albert', 3, 10, 'water'),
(12950, 'albert', 3, 11, 'water'),
(12951, 'albert', 3, 12, 'path'),
(12952, 'albert', 3, 13, 'path'),
(12953, 'albert', 3, 14, 'path'),
(12954, 'albert', 4, 1, 'grass'),
(12955, 'albert', 4, 2, 'path'),
(12956, 'albert', 4, 3, 'path'),
(12957, 'albert', 4, 4, 'grass'),
(12958, 'albert', 4, 5, 'path'),
(12959, 'albert', 4, 6, 'path'),
(12960, 'albert', 4, 7, 'path'),
(12961, 'albert', 4, 8, 'path'),
(12962, 'albert', 4, 9, 'grass'),
(12963, 'albert', 4, 10, 'water'),
(12964, 'albert', 4, 11, 'water'),
(12965, 'albert', 4, 12, 'water'),
(12966, 'albert', 4, 13, 'grass'),
(12967, 'albert', 4, 14, 'path'),
(12968, 'albert', 5, 1, 'grass'),
(12969, 'albert', 5, 2, 'grass'),
(12970, 'albert', 5, 3, 'path'),
(12971, 'albert', 5, 4, 'path'),
(12972, 'albert', 5, 5, 'grass'),
(12973, 'albert', 5, 6, 'grass'),
(12974, 'albert', 5, 7, 'grass'),
(12975, 'albert', 5, 8, 'path'),
(12976, 'albert', 5, 9, 'path'),
(12977, 'albert', 5, 10, 'water'),
(12978, 'albert', 5, 11, 'water'),
(12979, 'albert', 5, 12, 'water'),
(12980, 'albert', 5, 13, 'grass'),
(12981, 'albert', 5, 14, 'path'),
(12982, 'albert', 6, 1, 'grass'),
(12983, 'albert', 6, 2, 'grass'),
(12984, 'albert', 6, 3, 'grass'),
(12985, 'albert', 6, 4, 'path'),
(12986, 'albert', 6, 5, 'grass'),
(12987, 'albert', 6, 6, 'grass'),
(12988, 'albert', 6, 7, 'grass'),
(12989, 'albert', 6, 8, 'grass'),
(12990, 'albert', 6, 9, 'path'),
(12991, 'albert', 6, 10, 'water'),
(12992, 'albert', 6, 11, 'water'),
(12993, 'albert', 6, 12, 'path'),
(12994, 'albert', 6, 13, 'path'),
(12995, 'albert', 6, 14, 'path'),
(12996, 'albert', 7, 1, 'path'),
(12997, 'albert', 7, 2, 'path'),
(12998, 'albert', 7, 3, 'path'),
(12999, 'albert', 7, 4, 'path'),
(13000, 'albert', 7, 5, 'grass'),
(13001, 'albert', 7, 6, 'grass'),
(13002, 'albert', 7, 7, 'grass'),
(13003, 'albert', 7, 8, 'grass'),
(13004, 'albert', 7, 9, 'path'),
(13005, 'albert', 7, 10, 'path'),
(13006, 'albert', 7, 11, 'water'),
(13007, 'albert', 7, 12, 'path'),
(13008, 'albert', 7, 13, 'grass'),
(13009, 'albert', 7, 14, 'grass'),
(13010, 'albert', 8, 1, 'path'),
(13011, 'albert', 8, 2, 'grass'),
(13012, 'albert', 8, 3, 'grass'),
(13013, 'albert', 8, 4, 'grass'),
(13014, 'albert', 8, 5, 'grass'),
(13015, 'albert', 8, 6, 'grass'),
(13016, 'albert', 8, 7, 'grass'),
(13017, 'albert', 8, 8, 'grass'),
(13018, 'albert', 8, 9, 'grass'),
(13019, 'albert', 8, 10, 'path'),
(13020, 'albert', 8, 11, 'water'),
(13021, 'albert', 8, 12, 'path'),
(13022, 'albert', 8, 13, 'path'),
(13023, 'albert', 8, 14, 'grass'),
(13024, 'albert', 9, 1, 'path'),
(13025, 'albert', 9, 2, 'grass'),
(13026, 'albert', 9, 3, 'path'),
(13027, 'albert', 9, 4, 'path'),
(13028, 'albert', 9, 5, 'path'),
(13029, 'albert', 9, 6, 'grass'),
(13030, 'albert', 9, 7, 'grass'),
(13031, 'albert', 9, 8, 'grass'),
(13032, 'albert', 9, 9, 'path'),
(13033, 'albert', 9, 10, 'path'),
(13034, 'albert', 9, 11, 'water'),
(13035, 'albert', 9, 12, 'water'),
(13036, 'albert', 9, 13, 'path'),
(13037, 'albert', 9, 14, 'path'),
(13038, 'albert', 10, 1, 'path'),
(13039, 'albert', 10, 2, 'path'),
(13040, 'albert', 10, 3, 'path'),
(13041, 'albert', 10, 4, 'grass'),
(13042, 'albert', 10, 5, 'path'),
(13043, 'albert', 10, 6, 'path'),
(13044, 'albert', 10, 7, 'path'),
(13045, 'albert', 10, 8, 'path'),
(13046, 'albert', 10, 9, 'path'),
(13047, 'albert', 10, 10, 'water'),
(13048, 'albert', 10, 11, 'water'),
(13049, 'albert', 10, 12, 'water'),
(13050, 'albert', 10, 13, 'grass'),
(13051, 'albert', 10, 14, 'path'),
(18233, 'rootff', 1, 1, 'home'),
(18234, 'rootff', 1, 2, 'path'),
(18235, 'rootff', 1, 3, 'path'),
(18236, 'rootff', 1, 4, 'path'),
(18237, 'rootff', 1, 5, 'water'),
(18238, 'rootff', 1, 6, 'water'),
(18239, 'rootff', 1, 7, 'water'),
(18240, 'rootff', 1, 8, 'grass'),
(18241, 'rootff', 1, 9, 'grass'),
(18242, 'rootff', 1, 10, 'grass'),
(18243, 'rootff', 2, 1, 'grass'),
(18244, 'rootff', 2, 2, 'grass'),
(18245, 'rootff', 2, 3, 'grass'),
(18246, 'rootff', 2, 4, 'path'),
(18247, 'rootff', 2, 5, 'water'),
(18248, 'rootff', 2, 6, 'path'),
(18249, 'rootff', 2, 7, 'path'),
(18250, 'rootff', 2, 8, 'path'),
(18251, 'rootff', 2, 9, 'grass'),
(18252, 'rootff', 2, 10, 'grass'),
(18253, 'rootff', 3, 1, 'path'),
(18254, 'rootff', 3, 2, 'path'),
(18255, 'rootff', 3, 3, 'path'),
(18256, 'rootff', 3, 4, 'path'),
(18257, 'rootff', 3, 5, 'water'),
(18258, 'rootff', 3, 6, 'path'),
(18259, 'rootff', 3, 7, 'water'),
(18260, 'rootff', 3, 8, 'path'),
(18261, 'rootff', 3, 9, 'path'),
(18262, 'rootff', 3, 10, 'grass'),
(18263, 'rootff', 4, 1, 'path'),
(18264, 'rootff', 4, 2, 'grass'),
(18265, 'rootff', 4, 3, 'grass'),
(18266, 'rootff', 4, 4, 'grass'),
(18267, 'rootff', 4, 5, 'path'),
(18268, 'rootff', 4, 6, 'path'),
(18269, 'rootff', 4, 7, 'water'),
(18270, 'rootff', 4, 8, 'grass'),
(18271, 'rootff', 4, 9, 'path'),
(18272, 'rootff', 4, 10, 'path'),
(18273, 'rootff', 5, 1, 'path'),
(18274, 'rootff', 5, 2, 'grass'),
(18275, 'rootff', 5, 3, 'grass'),
(18276, 'rootff', 5, 4, 'path'),
(18277, 'rootff', 5, 5, 'path'),
(18278, 'rootff', 5, 6, 'water'),
(18279, 'rootff', 5, 7, 'water'),
(18280, 'rootff', 5, 8, 'grass'),
(18281, 'rootff', 5, 9, 'grass'),
(18282, 'rootff', 5, 10, 'path'),
(18283, 'rootff', 6, 1, 'path'),
(18284, 'rootff', 6, 2, 'grass'),
(18285, 'rootff', 6, 3, 'grass'),
(18286, 'rootff', 6, 4, 'path'),
(18287, 'rootff', 6, 5, 'water'),
(18288, 'rootff', 6, 6, 'water'),
(18289, 'rootff', 6, 7, 'water'),
(18290, 'rootff', 6, 8, 'grass'),
(18291, 'rootff', 6, 9, 'path'),
(18292, 'rootff', 6, 10, 'path'),
(18293, 'rootff', 7, 1, 'path'),
(18294, 'rootff', 7, 2, 'path'),
(18295, 'rootff', 7, 3, 'grass'),
(18296, 'rootff', 7, 4, 'path'),
(18297, 'rootff', 7, 5, 'water'),
(18298, 'rootff', 7, 6, 'water'),
(18299, 'rootff', 7, 7, 'water'),
(18300, 'rootff', 7, 8, 'path'),
(18301, 'rootff', 7, 9, 'path'),
(18302, 'rootff', 7, 10, 'grass'),
(18303, 'rootff', 8, 1, 'grass'),
(18304, 'rootff', 8, 2, 'path'),
(18305, 'rootff', 8, 3, 'grass'),
(18306, 'rootff', 8, 4, 'path'),
(18307, 'rootff', 8, 5, 'path'),
(18308, 'rootff', 8, 6, 'water'),
(18309, 'rootff', 8, 7, 'path'),
(18310, 'rootff', 8, 8, 'path'),
(18311, 'rootff', 8, 9, 'grass'),
(18312, 'rootff', 8, 10, 'grass'),
(18313, 'rootff', 9, 1, 'grass'),
(18314, 'rootff', 9, 2, 'path'),
(18315, 'rootff', 9, 3, 'grass'),
(18316, 'rootff', 9, 4, 'grass'),
(18317, 'rootff', 9, 5, 'path'),
(18318, 'rootff', 9, 6, 'water'),
(18319, 'rootff', 9, 7, 'path'),
(18320, 'rootff', 9, 8, 'grass'),
(18321, 'rootff', 9, 9, 'grass'),
(18322, 'rootff', 9, 10, 'grass'),
(18323, 'rootff', 10, 1, 'grass'),
(18324, 'rootff', 10, 2, 'path'),
(18325, 'rootff', 10, 3, 'path'),
(18326, 'rootff', 10, 4, 'path'),
(18327, 'rootff', 10, 5, 'path'),
(18328, 'rootff', 10, 6, 'water'),
(18329, 'rootff', 10, 7, 'path'),
(18330, 'rootff', 10, 8, 'path'),
(18331, 'rootff', 10, 9, 'path'),
(18332, 'rootff', 10, 10, 'path'),
(18858, 'qqqqqqqqq', 1, 1, 'home'),
(18859, 'qqqqqqqqq', 1, 2, 'path'),
(18860, 'qqqqqqqqq', 1, 3, 'grass'),
(18861, 'qqqqqqqqq', 1, 4, 'grass'),
(18862, 'qqqqqqqqq', 1, 5, 'grass'),
(18863, 'qqqqqqqqq', 1, 6, 'grass'),
(18864, 'qqqqqqqqq', 1, 7, 'path'),
(18865, 'qqqqqqqqq', 1, 8, 'path'),
(18866, 'qqqqqqqqq', 1, 9, 'path'),
(18867, 'qqqqqqqqq', 1, 10, 'path'),
(18868, 'qqqqqqqqq', 1, 11, 'grass'),
(18869, 'qqqqqqqqq', 1, 12, 'grass'),
(18870, 'qqqqqqqqq', 1, 13, 'grass'),
(18871, 'qqqqqqqqq', 1, 14, 'grass'),
(18872, 'qqqqqqqqq', 1, 15, 'grass'),
(18873, 'qqqqqqqqq', 2, 1, 'grass'),
(18874, 'qqqqqqqqq', 2, 2, 'path'),
(18875, 'qqqqqqqqq', 2, 3, 'grass'),
(18876, 'qqqqqqqqq', 2, 4, 'grass'),
(18877, 'qqqqqqqqq', 2, 5, 'grass'),
(18878, 'qqqqqqqqq', 2, 6, 'path'),
(18879, 'qqqqqqqqq', 2, 7, 'path'),
(18880, 'qqqqqqqqq', 2, 8, 'water'),
(18881, 'qqqqqqqqq', 2, 9, 'water'),
(18882, 'qqqqqqqqq', 2, 10, 'path'),
(18883, 'qqqqqqqqq', 2, 11, 'grass'),
(18884, 'qqqqqqqqq', 2, 12, 'grass'),
(18885, 'qqqqqqqqq', 2, 13, 'grass'),
(18886, 'qqqqqqqqq', 2, 14, 'grass'),
(18887, 'qqqqqqqqq', 2, 15, 'grass'),
(18888, 'qqqqqqqqq', 3, 1, 'grass'),
(18889, 'qqqqqqqqq', 3, 2, 'path'),
(18890, 'qqqqqqqqq', 3, 3, 'path'),
(18891, 'qqqqqqqqq', 3, 4, 'grass'),
(18892, 'qqqqqqqqq', 3, 5, 'path'),
(18893, 'qqqqqqqqq', 3, 6, 'path'),
(18894, 'qqqqqqqqq', 3, 7, 'grass'),
(18895, 'qqqqqqqqq', 3, 8, 'path'),
(18896, 'qqqqqqqqq', 3, 9, 'path'),
(18897, 'qqqqqqqqq', 3, 10, 'path'),
(18898, 'qqqqqqqqq', 3, 11, 'grass'),
(18899, 'qqqqqqqqq', 3, 12, 'grass'),
(18900, 'qqqqqqqqq', 3, 13, 'grass'),
(18901, 'qqqqqqqqq', 3, 14, 'grass'),
(18902, 'qqqqqqqqq', 3, 15, 'grass'),
(18903, 'qqqqqqqqq', 4, 1, 'grass'),
(18904, 'qqqqqqqqq', 4, 2, 'grass'),
(18905, 'qqqqqqqqq', 4, 3, 'path'),
(18906, 'qqqqqqqqq', 4, 4, 'grass'),
(18907, 'qqqqqqqqq', 4, 5, 'path'),
(18908, 'qqqqqqqqq', 4, 6, 'grass'),
(18909, 'qqqqqqqqq', 4, 7, 'grass'),
(18910, 'qqqqqqqqq', 4, 8, 'path'),
(18911, 'qqqqqqqqq', 4, 9, 'water'),
(18912, 'qqqqqqqqq', 4, 10, 'water'),
(18913, 'qqqqqqqqq', 4, 11, 'grass'),
(18914, 'qqqqqqqqq', 4, 12, 'grass'),
(18915, 'qqqqqqqqq', 4, 13, 'grass'),
(18916, 'qqqqqqqqq', 4, 14, 'grass'),
(18917, 'qqqqqqqqq', 4, 15, 'grass'),
(18918, 'qqqqqqqqq', 5, 1, 'grass'),
(18919, 'qqqqqqqqq', 5, 2, 'path'),
(18920, 'qqqqqqqqq', 5, 3, 'path'),
(18921, 'qqqqqqqqq', 5, 4, 'grass'),
(18922, 'qqqqqqqqq', 5, 5, 'path'),
(18923, 'qqqqqqqqq', 5, 6, 'path'),
(18924, 'qqqqqqqqq', 5, 7, 'grass'),
(18925, 'qqqqqqqqq', 5, 8, 'path'),
(18926, 'qqqqqqqqq', 5, 9, 'path'),
(18927, 'qqqqqqqqq', 5, 10, 'path'),
(18928, 'qqqqqqqqq', 5, 11, 'grass'),
(18929, 'qqqqqqqqq', 5, 12, 'grass'),
(18930, 'qqqqqqqqq', 5, 13, 'grass'),
(18931, 'qqqqqqqqq', 5, 14, 'grass'),
(18932, 'qqqqqqqqq', 5, 15, 'grass'),
(18933, 'qqqqqqqqq', 6, 1, 'path'),
(18934, 'qqqqqqqqq', 6, 2, 'path'),
(18935, 'qqqqqqqqq', 6, 3, 'grass'),
(18936, 'qqqqqqqqq', 6, 4, 'grass'),
(18937, 'qqqqqqqqq', 6, 5, 'grass'),
(18938, 'qqqqqqqqq', 6, 6, 'path'),
(18939, 'qqqqqqqqq', 6, 7, 'grass'),
(18940, 'qqqqqqqqq', 6, 8, 'water'),
(18941, 'qqqqqqqqq', 6, 9, 'water'),
(18942, 'qqqqqqqqq', 6, 10, 'path'),
(18943, 'qqqqqqqqq', 6, 11, 'grass'),
(18944, 'qqqqqqqqq', 6, 12, 'grass'),
(18945, 'qqqqqqqqq', 6, 13, 'grass'),
(18946, 'qqqqqqqqq', 6, 14, 'grass'),
(18947, 'qqqqqqqqq', 6, 15, 'grass'),
(18948, 'qqqqqqqqq', 7, 1, 'path'),
(18949, 'qqqqqqqqq', 7, 2, 'grass'),
(18950, 'qqqqqqqqq', 7, 3, 'grass'),
(18951, 'qqqqqqqqq', 7, 4, 'grass'),
(18952, 'qqqqqqqqq', 7, 5, 'grass'),
(18953, 'qqqqqqqqq', 7, 6, 'path'),
(18954, 'qqqqqqqqq', 7, 7, 'grass'),
(18955, 'qqqqqqqqq', 7, 8, 'water'),
(18956, 'qqqqqqqqq', 7, 9, 'path'),
(18957, 'qqqqqqqqq', 7, 10, 'path'),
(18958, 'qqqqqqqqq', 7, 11, 'grass'),
(18959, 'qqqqqqqqq', 7, 12, 'grass'),
(18960, 'qqqqqqqqq', 7, 13, 'grass'),
(18961, 'qqqqqqqqq', 7, 14, 'grass'),
(18962, 'qqqqqqqqq', 7, 15, 'grass'),
(18963, 'qqqqqqqqq', 8, 1, 'path'),
(18964, 'qqqqqqqqq', 8, 2, 'grass'),
(18965, 'qqqqqqqqq', 8, 3, 'grass'),
(18966, 'qqqqqqqqq', 8, 4, 'grass'),
(18967, 'qqqqqqqqq', 8, 5, 'grass'),
(18968, 'qqqqqqqqq', 8, 6, 'path'),
(18969, 'qqqqqqqqq', 8, 7, 'grass'),
(18970, 'qqqqqqqqq', 8, 8, 'path'),
(18971, 'qqqqqqqqq', 8, 9, 'path'),
(18972, 'qqqqqqqqq', 8, 10, 'water'),
(18973, 'qqqqqqqqq', 8, 11, 'grass'),
(18974, 'qqqqqqqqq', 8, 12, 'grass'),
(18975, 'qqqqqqqqq', 8, 13, 'grass'),
(18976, 'qqqqqqqqq', 8, 14, 'grass'),
(18977, 'qqqqqqqqq', 8, 15, 'grass'),
(18978, 'qqqqqqqqq', 9, 1, 'path'),
(18979, 'qqqqqqqqq', 9, 2, 'path'),
(18980, 'qqqqqqqqq', 9, 3, 'path'),
(18981, 'qqqqqqqqq', 9, 4, 'path'),
(18982, 'qqqqqqqqq', 9, 5, 'grass'),
(18983, 'qqqqqqqqq', 9, 6, 'path'),
(18984, 'qqqqqqqqq', 9, 7, 'grass'),
(18985, 'qqqqqqqqq', 9, 8, 'path'),
(18986, 'qqqqqqqqq', 9, 9, 'water'),
(18987, 'qqqqqqqqq', 9, 10, 'path'),
(18988, 'qqqqqqqqq', 9, 11, 'path'),
(18989, 'qqqqqqqqq', 9, 12, 'path'),
(18990, 'qqqqqqqqq', 9, 13, 'grass'),
(18991, 'qqqqqqqqq', 9, 14, 'grass'),
(18992, 'qqqqqqqqq', 9, 15, 'grass'),
(18993, 'qqqqqqqqq', 10, 1, 'grass'),
(18994, 'qqqqqqqqq', 10, 2, 'grass'),
(18995, 'qqqqqqqqq', 10, 3, 'grass'),
(18996, 'qqqqqqqqq', 10, 4, 'path'),
(18997, 'qqqqqqqqq', 10, 5, 'path'),
(18998, 'qqqqqqqqq', 10, 6, 'path'),
(18999, 'qqqqqqqqq', 10, 7, 'grass'),
(19000, 'qqqqqqqqq', 10, 8, 'path'),
(19001, 'qqqqqqqqq', 10, 9, 'path'),
(19002, 'qqqqqqqqq', 10, 10, 'path'),
(19003, 'qqqqqqqqq', 10, 11, 'grass'),
(19004, 'qqqqqqqqq', 10, 12, 'path'),
(19005, 'qqqqqqqqq', 10, 13, 'path'),
(19006, 'qqqqqqqqq', 10, 14, 'path'),
(19007, 'qqqqqqqqq', 10, 15, 'path');

-- --------------------------------------------------------

--
-- Structure de la table `path_order`
--

CREATE TABLE `path_order` (
  `id` int(11) NOT NULL,
  `user` varchar(64) NOT NULL,
  `path_index` int(11) NOT NULL,
  `x` int(11) NOT NULL,
  `y` int(11) NOT NULL
) ENGINE=InnoDB DEFAULT CHARSET=utf8;

--
-- Déchargement des données de la table `path_order`
--

INSERT INTO `path_order` (`id`, `user`, `path_index`, `x`, `y`) VALUES
(4142, 'albert', 0, 10, 14),
(4143, 'albert', 1, 9, 14),
(4144, 'albert', 2, 9, 13),
(4145, 'albert', 3, 8, 13),
(4146, 'albert', 4, 8, 12),
(4147, 'albert', 5, 7, 12),
(4148, 'albert', 6, 6, 12),
(4149, 'albert', 7, 6, 13),
(4150, 'albert', 8, 6, 14),
(4151, 'albert', 9, 5, 14),
(4152, 'albert', 10, 4, 14),
(4153, 'albert', 11, 3, 14),
(4154, 'albert', 12, 3, 13),
(4155, 'albert', 13, 3, 12),
(4156, 'albert', 14, 2, 12),
(4157, 'albert', 15, 2, 11),
(4158, 'albert', 16, 2, 10),
(4159, 'albert', 17, 2, 9),
(4160, 'albert', 18, 2, 8),
(4161, 'albert', 19, 1, 8),
(4162, 'albert', 20, 1, 7),
(4163, 'albert', 21, 1, 6),
(4164, 'albert', 22, 1, 5),
(4165, 'albert', 23, 1, 4),
(4166, 'albert', 24, 2, 4),
(4167, 'albert', 25, 3, 4),
(4168, 'albert', 26, 3, 5),
(4169, 'albert', 27, 4, 5),
(4170, 'albert', 28, 4, 6),
(4171, 'albert', 29, 4, 7),
(4172, 'albert', 30, 4, 8),
(4173, 'albert', 31, 5, 8),
(4174, 'albert', 32, 5, 9),
(4175, 'albert', 33, 6, 9),
(4176, 'albert', 34, 7, 9),
(4177, 'albert', 35, 7, 10),
(4178, 'albert', 36, 8, 10),
(4179, 'albert', 37, 9, 10),
(4180, 'albert', 38, 9, 9),
(4181, 'albert', 39, 10, 9),
(4182, 'albert', 40, 10, 8),
(4183, 'albert', 41, 10, 7),
(4184, 'albert', 42, 10, 6),
(4185, 'albert', 43, 10, 5),
(4186, 'albert', 44, 9, 5),
(4187, 'albert', 45, 9, 4),
(4188, 'albert', 46, 9, 3),
(4189, 'albert', 47, 10, 3),
(4190, 'albert', 48, 10, 2),
(4191, 'albert', 49, 10, 1),
(4192, 'albert', 50, 9, 1),
(4193, 'albert', 51, 8, 1),
(4194, 'albert', 52, 7, 1),
(4195, 'albert', 53, 7, 2),
(4196, 'albert', 54, 7, 3),
(4197, 'albert', 55, 7, 4),
(4198, 'albert', 56, 6, 4),
(4199, 'albert', 57, 5, 4),
(4200, 'albert', 58, 5, 3),
(4201, 'albert', 59, 4, 3),
(4202, 'albert', 60, 4, 2),
(4203, 'albert', 61, 3, 2),
(4204, 'albert', 62, 2, 2),
(4205, 'albert', 63, 1, 2),
(4206, 'albert', 64, 1, 1),
(6082, 'player', 0, 10, 20),
(6083, 'player', 1, 9, 20),
(6084, 'player', 2, 9, 19),
(6085, 'player', 3, 9, 18),
(6086, 'player', 4, 10, 18),
(6087, 'player', 5, 10, 17),
(6088, 'player', 6, 10, 16),
(6089, 'player', 7, 10, 15),
(6090, 'player', 8, 10, 14),
(6091, 'player', 9, 10, 13),
(6092, 'player', 10, 9, 13),
(6093, 'player', 11, 8, 13),
(6094, 'player', 12, 8, 12),
(6095, 'player', 13, 8, 11),
(6096, 'player', 14, 9, 11),
(6097, 'player', 15, 10, 11),
(6098, 'player', 16, 10, 10),
(6099, 'player', 17, 10, 9),
(6100, 'player', 18, 9, 9),
(6101, 'player', 19, 8, 9),
(6102, 'player', 20, 7, 9),
(6103, 'player', 21, 6, 9),
(6104, 'player', 22, 6, 10),
(6105, 'player', 23, 6, 11),
(6106, 'player', 24, 5, 11),
(6107, 'player', 25, 4, 11),
(6108, 'player', 26, 3, 11),
(6109, 'player', 27, 3, 12),
(6110, 'player', 28, 3, 13),
(6111, 'player', 29, 4, 13),
(6112, 'player', 30, 5, 13),
(6113, 'player', 31, 5, 14),
(6114, 'player', 32, 5, 15),
(6115, 'player', 33, 4, 15),
(6116, 'player', 34, 4, 16),
(6117, 'player', 35, 4, 17),
(6118, 'player', 36, 3, 17),
(6119, 'player', 37, 3, 18),
(6120, 'player', 38, 2, 18),
(6121, 'player', 39, 1, 18),
(6122, 'player', 40, 1, 17),
(6123, 'player', 41, 1, 16),
(6124, 'player', 42, 2, 16),
(6125, 'player', 43, 2, 15),
(6126, 'player', 44, 2, 14),
(6127, 'player', 45, 1, 14),
(6128, 'player', 46, 1, 13),
(6129, 'player', 47, 1, 12),
(6130, 'player', 48, 1, 11),
(6131, 'player', 49, 1, 10),
(6132, 'player', 50, 2, 10),
(6133, 'player', 51, 2, 9),
(6134, 'player', 52, 3, 9),
(6135, 'player', 53, 4, 9),
(6136, 'player', 54, 4, 8),
(6137, 'player', 55, 4, 7),
(6138, 'player', 56, 4, 6),
(6139, 'player', 57, 3, 6),
(6140, 'player', 58, 2, 6),
(6141, 'player', 59, 2, 5),
(6142, 'player', 60, 2, 4),
(6143, 'player', 61, 3, 4),
(6144, 'player', 62, 4, 4),
(6145, 'player', 63, 5, 4),
(6146, 'player', 64, 5, 5),
(6147, 'player', 65, 6, 5),
(6148, 'player', 66, 6, 6),
(6149, 'player', 67, 7, 6),
(6150, 'player', 68, 8, 6),
(6151, 'player', 69, 9, 6),
(6152, 'player', 70, 9, 5),
(6153, 'player', 71, 9, 4),
(6154, 'player', 72, 8, 4),
(6155, 'player', 73, 8, 3),
(6156, 'player', 74, 7, 3),
(6157, 'player', 75, 6, 3),
(6158, 'player', 76, 6, 2),
(6159, 'player', 77, 5, 2),
(6160, 'player', 78, 5, 1),
(6161, 'player', 79, 4, 1),
(6162, 'player', 80, 3, 1),
(6163, 'player', 81, 3, 2),
(6164, 'player', 82, 2, 2),
(6165, 'player', 83, 1, 2),
(6166, 'player', 84, 1, 1),
(6167, 'rootff', 0, 10, 10),
(6168, 'rootff', 1, 10, 9),
(6169, 'rootff', 2, 10, 8),
(6170, 'rootff', 3, 10, 7),
(6171, 'rootff', 4, 9, 7),
(6172, 'rootff', 5, 8, 7),
(6173, 'rootff', 6, 8, 8),
(6174, 'rootff', 7, 7, 8),
(6175, 'rootff', 8, 7, 9),
(6176, 'rootff', 9, 6, 9),
(6177, 'rootff', 10, 6, 10),
(6178, 'rootff', 11, 5, 10),
(6179, 'rootff', 12, 4, 10),
(6180, 'rootff', 13, 4, 9),
(6181, 'rootff', 14, 3, 9),
(6182, 'rootff', 15, 3, 8),
(6183, 'rootff', 16, 2, 8),
(6184, 'rootff', 17, 2, 7),
(6185, 'rootff', 18, 2, 6),
(6186, 'rootff', 19, 3, 6),
(6187, 'rootff', 20, 4, 6),
(6188, 'rootff', 21, 4, 5),
(6189, 'rootff', 22, 5, 5),
(6190, 'rootff', 23, 5, 4),
(6191, 'rootff', 24, 6, 4),
(6192, 'rootff', 25, 7, 4),
(6193, 'rootff', 26, 8, 4),
(6194, 'rootff', 27, 8, 5),
(6195, 'rootff', 28, 9, 5),
(6196, 'rootff', 29, 10, 5),
(6197, 'rootff', 30, 10, 4),
(6198, 'rootff', 31, 10, 3),
(6199, 'rootff', 32, 10, 2),
(6200, 'rootff', 33, 9, 2),
(6201, 'rootff', 34, 8, 2),
(6202, 'rootff', 35, 7, 2),
(6203, 'rootff', 36, 7, 1),
(6204, 'rootff', 37, 6, 1),
(6205, 'rootff', 38, 5, 1),
(6206, 'rootff', 39, 4, 1),
(6207, 'rootff', 40, 3, 1),
(6208, 'rootff', 41, 3, 2),
(6209, 'rootff', 42, 3, 3),
(6210, 'rootff', 43, 3, 4),
(6211, 'rootff', 44, 2, 4),
(6212, 'rootff', 45, 1, 4),
(6213, 'rootff', 46, 1, 3),
(6214, 'rootff', 47, 1, 2),
(6215, 'rootff', 48, 1, 1),
(6297, 'userpass', 0, 10, 10),
(6298, 'userpass', 1, 10, 9),
(6299, 'userpass', 2, 10, 8),
(6300, 'userpass', 3, 9, 8),
(6301, 'userpass', 4, 8, 8),
(6302, 'userpass', 5, 8, 9),
(6303, 'userpass', 6, 7, 9),
(6304, 'userpass', 7, 6, 9),
(6305, 'userpass', 8, 5, 9),
(6306, 'userpass', 9, 5, 10),
(6307, 'userpass', 10, 4, 10),
(6308, 'userpass', 11, 3, 10),
(6309, 'userpass', 12, 2, 10),
(6310, 'userpass', 13, 1, 10),
(6311, 'userpass', 14, 1, 9),
(6312, 'userpass', 15, 1, 8),
(6313, 'userpass', 16, 2, 8),
(6314, 'userpass', 17, 3, 8),
(6315, 'userpass', 18, 4, 8),
(6316, 'userpass', 19, 4, 7),
(6317, 'userpass', 20, 5, 7),
(6318, 'userpass', 21, 6, 7),
(6319, 'userpass', 22, 6, 6),
(6320, 'userpass', 23, 7, 6),
(6321, 'userpass', 24, 8, 6),
(6322, 'userpass', 25, 8, 5),
(6323, 'userpass', 26, 9, 5),
(6324, 'userpass', 27, 9, 4),
(6325, 'userpass', 28, 10, 4),
(6326, 'userpass', 29, 10, 3),
(6327, 'userpass', 30, 10, 2),
(6328, 'userpass', 31, 9, 2),
(6329, 'userpass', 32, 8, 2),
(6330, 'userpass', 33, 7, 2),
(6331, 'userpass', 34, 6, 2),
(6332, 'userpass', 35, 6, 3),
(6333, 'userpass', 36, 5, 3),
(6334, 'userpass', 37, 5, 4),
(6335, 'userpass', 38, 5, 5),
(6336, 'userpass', 39, 4, 5),
(6337, 'userpass', 40, 3, 5),
(6338, 'userpass', 41, 3, 6),
(6339, 'userpass', 42, 2, 6),
(6340, 'userpass', 43, 1, 6),
(6341, 'userpass', 44, 1, 5),
(6342, 'userpass', 45, 1, 4),
(6343, 'userpass', 46, 2, 4),
(6344, 'userpass', 47, 2, 3),
(6345, 'userpass', 48, 3, 3),
(6346, 'userpass', 49, 3, 2),
(6347, 'userpass', 50, 3, 1),
(6348, 'userpass', 51, 2, 1),
(6349, 'userpass', 52, 1, 1),
(6350, 'nicolas', 0, 15, 15),
(6351, 'nicolas', 1, 15, 14),
(6352, 'nicolas', 2, 15, 13),
(6353, 'nicolas', 3, 15, 12),
(6354, 'nicolas', 4, 15, 11),
(6355, 'nicolas', 5, 15, 10),
(6356, 'nicolas', 6, 15, 9),
(6357, 'nicolas', 7, 15, 8),
(6358, 'nicolas', 8, 15, 7),
(6359, 'nicolas', 9, 15, 6),
(6360, 'nicolas', 10, 15, 5),
(6361, 'nicolas', 11, 15, 4),
(6362, 'nicolas', 12, 15, 3),
(6363, 'nicolas', 13, 15, 2),
(6364, 'nicolas', 14, 14, 2),
(6365, 'nicolas', 15, 14, 1),
(6366, 'nicolas', 16, 13, 1),
(6367, 'nicolas', 17, 12, 1),
(6368, 'nicolas', 18, 11, 1),
(6369, 'nicolas', 19, 11, 2),
(6370, 'nicolas', 20, 11, 3),
(6371, 'nicolas', 21, 12, 3),
(6372, 'nicolas', 22, 13, 3),
(6373, 'nicolas', 23, 13, 4),
(6374, 'nicolas', 24, 13, 5),
(6375, 'nicolas', 25, 12, 5),
(6376, 'nicolas', 26, 11, 5),
(6377, 'nicolas', 27, 11, 6),
(6378, 'nicolas', 28, 11, 7),
(6379, 'nicolas', 29, 12, 7),
(6380, 'nicolas', 30, 12, 8),
(6381, 'nicolas', 31, 13, 8),
(6382, 'nicolas', 32, 13, 9),
(6383, 'nicolas', 33, 13, 10),
(6384, 'nicolas', 34, 13, 11),
(6385, 'nicolas', 35, 13, 12),
(6386, 'nicolas', 36, 13, 13),
(6387, 'nicolas', 37, 13, 14),
(6388, 'nicolas', 38, 13, 15),
(6389, 'nicolas', 39, 12, 15),
(6390, 'nicolas', 40, 11, 15),
(6391, 'nicolas', 41, 10, 15),
(6392, 'nicolas', 42, 10, 14),
(6393, 'nicolas', 43, 9, 14),
(6394, 'nicolas', 44, 9, 13),
(6395, 'nicolas', 45, 9, 12),
(6396, 'nicolas', 46, 9, 11),
(6397, 'nicolas', 47, 8, 11),
(6398, 'nicolas', 48, 7, 11),
(6399, 'nicolas', 49, 7, 12),
(6400, 'nicolas', 50, 6, 12),
(6401, 'nicolas', 51, 5, 12),
(6402, 'nicolas', 52, 5, 13),
(6403, 'nicolas', 53, 5, 14),
(6404, 'nicolas', 54, 5, 15),
(6405, 'nicolas', 55, 4, 15),
(6406, 'nicolas', 56, 3, 15),
(6407, 'nicolas', 57, 3, 14),
(6408, 'nicolas', 58, 3, 13),
(6409, 'nicolas', 59, 3, 12),
(6410, 'nicolas', 60, 2, 12),
(6411, 'nicolas', 61, 2, 11),
(6412, 'nicolas', 62, 1, 11),
(6413, 'nicolas', 63, 1, 10),
(6414, 'nicolas', 64, 1, 9),
(6415, 'nicolas', 65, 1, 8),
(6416, 'nicolas', 66, 2, 8),
(6417, 'nicolas', 67, 2, 7),
(6418, 'nicolas', 68, 2, 6),
(6419, 'nicolas', 69, 3, 6),
(6420, 'nicolas', 70, 3, 5),
(6421, 'nicolas', 71, 4, 5),
(6422, 'nicolas', 72, 5, 5),
(6423, 'nicolas', 73, 5, 4),
(6424, 'nicolas', 74, 6, 4),
(6425, 'nicolas', 75, 6, 3),
(6426, 'nicolas', 76, 6, 2),
(6427, 'nicolas', 77, 5, 2),
(6428, 'nicolas', 78, 4, 2),
(6429, 'nicolas', 79, 3, 2),
(6430, 'nicolas', 80, 2, 2),
(6431, 'nicolas', 81, 2, 1),
(6432, 'nicolas', 82, 1, 1),
(6433, 'qqqqqqqqq', 0, 10, 15),
(6434, 'qqqqqqqqq', 1, 10, 14),
(6435, 'qqqqqqqqq', 2, 10, 13),
(6436, 'qqqqqqqqq', 3, 10, 12),
(6437, 'qqqqqqqqq', 4, 9, 12),
(6438, 'qqqqqqqqq', 5, 9, 11),
(6439, 'qqqqqqqqq', 6, 9, 10),
(6440, 'qqqqqqqqq', 7, 10, 10),
(6441, 'qqqqqqqqq', 8, 10, 9),
(6442, 'qqqqqqqqq', 9, 10, 8),
(6443, 'qqqqqqqqq', 10, 9, 8),
(6444, 'qqqqqqqqq', 11, 8, 8),
(6445, 'qqqqqqqqq', 12, 8, 9),
(6446, 'qqqqqqqqq', 13, 7, 9),
(6447, 'qqqqqqqqq', 14, 7, 10),
(6448, 'qqqqqqqqq', 15, 6, 10),
(6449, 'qqqqqqqqq', 16, 5, 10),
(6450, 'qqqqqqqqq', 17, 5, 9),
(6451, 'qqqqqqqqq', 18, 5, 8),
(6452, 'qqqqqqqqq', 19, 4, 8),
(6453, 'qqqqqqqqq', 20, 3, 8),
(6454, 'qqqqqqqqq', 21, 3, 9),
(6455, 'qqqqqqqqq', 22, 3, 10),
(6456, 'qqqqqqqqq', 23, 2, 10),
(6457, 'qqqqqqqqq', 24, 1, 10),
(6458, 'qqqqqqqqq', 25, 1, 9),
(6459, 'qqqqqqqqq', 26, 1, 8),
(6460, 'qqqqqqqqq', 27, 1, 7),
(6461, 'qqqqqqqqq', 28, 2, 7),
(6462, 'qqqqqqqqq', 29, 2, 6),
(6463, 'qqqqqqqqq', 30, 3, 6),
(6464, 'qqqqqqqqq', 31, 3, 5),
(6465, 'qqqqqqqqq', 32, 4, 5),
(6466, 'qqqqqqqqq', 33, 5, 5),
(6467, 'qqqqqqqqq', 34, 5, 6),
(6468, 'qqqqqqqqq', 35, 6, 6),
(6469, 'qqqqqqqqq', 36, 7, 6),
(6470, 'qqqqqqqqq', 37, 8, 6),
(6471, 'qqqqqqqqq', 38, 9, 6),
(6472, 'qqqqqqqqq', 39, 10, 6),
(6473, 'qqqqqqqqq', 40, 10, 5),
(6474, 'qqqqqqqqq', 41, 10, 4),
(6475, 'qqqqqqqqq', 42, 9, 4),
(6476, 'qqqqqqqqq', 43, 9, 3),
(6477, 'qqqqqqqqq', 44, 9, 2),
(6478, 'qqqqqqqqq', 45, 9, 1),
(6479, 'qqqqqqqqq', 46, 8, 1),
(6480, 'qqqqqqqqq', 47, 7, 1),
(6481, 'qqqqqqqqq', 48, 6, 1),
(6482, 'qqqqqqqqq', 49, 6, 2),
(6483, 'qqqqqqqqq', 50, 5, 2),
(6484, 'qqqqqqqqq', 51, 5, 3),
(6485, 'qqqqqqqqq', 52, 4, 3),
(6486, 'qqqqqqqqq', 53, 3, 3),
(6487, 'qqqqqqqqq', 54, 3, 2),
(6488, 'qqqqqqqqq', 55, 2, 2),
(6489, 'qqqqqqqqq', 56, 1, 2),
(6490, 'qqqqqqqqq', 57, 1, 1);

-- --------------------------------------------------------

--
-- Structure de la table `towers`
--

CREATE TABLE `towers` (
  `id` int(11) NOT NULL,
  `user` varchar(64) NOT NULL,
  `t_type` varchar(64) NOT NULL,
  `x` int(11) NOT NULL,
  `y` int(11) NOT NULL,
  `cost` int(11) NOT NULL,
  `attack_pt` int(11) NOT NULL
) ENGINE=InnoDB DEFAULT CHARSET=utf8;

--
-- Déchargement des données de la table `towers`
--

INSERT INTO `towers` (`id`, `user`, `t_type`, `x`, `y`, `cost`, `attack_pt`) VALUES
(3, 'userpass', 'arrow', 7, 7, 3, 1),
(5, 'userpass', 'arrow', 9, 6, 3, 1),
(6, 'nicolas', 'fire', 12, 12, 7, 3),
(7, 'qqqqqqqqq', 'arrow', 7, 13, 3, 1);

-- --------------------------------------------------------

--
-- Structure de la table `ui`
--

CREATE TABLE `ui` (
  `id` int(11) NOT NULL,
  `user` varchar(64) NOT NULL,
  `turn` int(11) NOT NULL,
  `hp` int(11) NOT NULL,
  `gold` int(11) NOT NULL,
  `difficulty` int(11) NOT NULL,
  `score` int(11) NOT NULL
) ENGINE=InnoDB DEFAULT CHARSET=utf8;

--
-- Déchargement des données de la table `ui`
--

INSERT INTO `ui` (`id`, `user`, `turn`, `hp`, `gold`, `difficulty`, `score`) VALUES
(38, 'albert', 29, 10, 10, 4, 0),
(70, 'player', 0, 10, 10, 4, 0),
(71, 'rootff', 8, 10, 3, 4, 0),
(73, 'userpass', 20, 10, 0, 4, 0),
(74, 'nicolas', 6, 10, 3, 4, 0),
(75, 'qqqqqqqqq', 3, 10, 7, 4, 0);

-- --------------------------------------------------------

--
-- Structure de la table `users`
--

CREATE TABLE `users` (
  `name` varchar(64) NOT NULL,
  `password` varchar(128) NOT NULL
) ENGINE=InnoDB DEFAULT CHARSET=utf8;

--
-- Déchargement des données de la table `users`
--

INSERT INTO `users` (`name`, `password`) VALUES
('albert', '$2y$10$fxrX1b7uqzv2FGPOtLC6POU9YHusWpB/p4LLjIdS1pWBTAK8dPVcW'),
('nicolas', '$2y$10$n5axscI2sPAhLqPkz/w6BO.aDN1P.Ty8xSBXlsGxHKOvGRRH1bZfG'),
('player', '$2y$10$z3TkvgpI8IiP1Vk3yahIVOMjroFoySbcTYvcGMbKa75H/H/20psnC'),
('qqqqqqqqq', '$2y$10$umxwnuPZrVUpK0FLgWzCc.3ybL8oaiEo2fsJO/YXylnWfgyJ1OHgi'),
('rootff', '$2y$10$X3u5iw1qxgMSc.ifWG6EjeFURVXMObM0/pEFslaEhvSGxSvDch1b6'),
('username', '$2y$10$5gXB/UuRrLPqUUrZgN3Zhen3mCuQRhrvvQt8/qmDO3AAkkd7/TEQO'),
('userpass', '$2y$10$64p3kGdQort7rGff/hjrOe4zCsn9BPxV/ZUZDdGtB0Mo3whNmgk0G'),
('useruser', '$2y$10$d.MCYJJJ0ztJ/UM47vJjWOsX7mvgYN60TfxpgGIRCTwRtfgNpU8wG');

--
-- Index pour les tables déchargées
--

--
-- Index pour la table `enemies`
--
ALTER TABLE `enemies`
  ADD PRIMARY KEY (`id`);

--
-- Index pour la table `map_coord`
--
ALTER TABLE `map_coord`
  ADD PRIMARY KEY (`id`);

--
-- Index pour la table `path_order`
--
ALTER TABLE `path_order`
  ADD PRIMARY KEY (`id`);

--
-- Index pour la table `towers`
--
ALTER TABLE `towers`
  ADD PRIMARY KEY (`id`);

--
-- Index pour la table `ui`
--
ALTER TABLE `ui`
  ADD PRIMARY KEY (`id`);

--
-- Index pour la table `users`
--
ALTER TABLE `users`
  ADD UNIQUE KEY `name` (`name`);

--
-- AUTO_INCREMENT pour les tables déchargées
--

--
-- AUTO_INCREMENT pour la table `enemies`
--
ALTER TABLE `enemies`
  MODIFY `id` int(11) NOT NULL AUTO_INCREMENT, AUTO_INCREMENT=657;

--
-- AUTO_INCREMENT pour la table `map_coord`
--
ALTER TABLE `map_coord`
  MODIFY `id` int(11) NOT NULL AUTO_INCREMENT, AUTO_INCREMENT=19008;

--
-- AUTO_INCREMENT pour la table `path_order`
--
ALTER TABLE `path_order`
  MODIFY `id` int(11) NOT NULL AUTO_INCREMENT, AUTO_INCREMENT=6491;

--
-- AUTO_INCREMENT pour la table `towers`
--
ALTER TABLE `towers`
  MODIFY `id` int(11) NOT NULL AUTO_INCREMENT, AUTO_INCREMENT=8;

--
-- AUTO_INCREMENT pour la table `ui`
--
ALTER TABLE `ui`
  MODIFY `id` int(11) NOT NULL AUTO_INCREMENT, AUTO_INCREMENT=76;
COMMIT;

/*!40101 SET CHARACTER_SET_CLIENT=@OLD_CHARACTER_SET_CLIENT */;
/*!40101 SET CHARACTER_SET_RESULTS=@OLD_CHARACTER_SET_RESULTS */;
/*!40101 SET COLLATION_CONNECTION=@OLD_COLLATION_CONNECTION */;
